{
  "project_info": {
    "project_number": "916787721291",
    "firebase_url": "https://hardtrack-f6294.firebaseio.com",
    "project_id": "hardtrack-f6294",
    "storage_bucket": "hardtrack-f6294.appspot.com"
  },
  "client": [
    {
      "client_info": {
        "mobilesdk_app_id": "1:916787721291:android:be50497d34b7c283",
        "android_client_info": {
          "package_name": "hu.pe.erman"
        }
      },
      "oauth_client": [
        {
          "client_id": "916787721291-d7irp549lfa77395aruq0um5v0cmlrna.apps.googleusercontent.com",
          "client_type": 3
        },
        {
          "client_id": "916787721291-d7irp549lfa77395aruq0um5v0cmlrna.apps.googleusercontent.com",
          "client_type": 3
        }
      ],
      "api_key": [
        {
          "current_key": "AIzaSyBzX1q4BJyZd48HrjNjKtB5WIeV2JO41kw"
        }
      ],
      "services": {
        "analytics_service": {
          "status": 1
        },
        "appinvite_service": {
          "status": 1,
          "other_platform_oauth_client": []
        },
        "ads_service": {
          "status": 2
        }
      }
    }
  ],
  "configuration_version": "1"
}